EVI,date,tmax,tmin,dayl,prcp,vp,month,year,season,tmax_spring,tmax_summer,tmax_fall,tmax_winter,tmin_spring,tmin_summer,tmin_fall,tmin_winter,prcp_spring,prcp_summer,prcp_fall,prcp_winter,vp_spring,vp_summer,vp_fall,vp_winter,accum_prcp,bloom_date_x,bloom_date_y,bloom_date
0.3384581005992493,2014-01-01,19.673153199910136,14.731667903128036,36784.09496988594,2.15620505809784,1675.2453569228685,1,2014,winter,0.0,0.0,0.0,19.673153199910136,0.0,0.0,0.0,14.731667903128036,0.0,0.0,0.0,2.15620505809784,0.0,0.0,0.0,1675.2453569228685,0.0,2014-02-24,2014-02-24,2014-02-24
0.2979232689859521,2014-01-17,17.156640830897885,1.1546343860703534,37436.419534723136,0.0,663.9246365726746,1,2014,winter,0.0,0.0,0.0,36.82979403080802,0.0,0.0,0.0,15.88630228919839,0.0,0.0,0.0,2.15620505809784,0.0,0.0,0.0,2339.169993495543,0.0,2014-02-24,2014-02-24,2014-02-24
0.2637400109930726,2014-02-02,27.8846662944331,16.975871937943307,38530.609176418686,0.0,1933.8152331044985,2,2014,winter,0.0,0.0,0.0,64.71446032524112,0.0,0.0,0.0,32.86217422714169,0.0,0.0,0.0,2.15620505809784,0.0,0.0,0.0,4272.985226600042,0.0,2014-02-24,2014-02-24,2014-02-24
0.2823723432618468,2014-02-18,26.41924736050882,7.244689862673256,39935.42637535959,0.0,1018.3608906733944,2,2014,winter,0.0,0.0,0.0,91.13370768574994,0.0,0.0,0.0,40.106864089814955,0.0,0.0,0.0,2.15620505809784,0.0,0.0,0.0,5291.346117273436,0.0,2014-02-24,2014-02-24,2014-02-24
0.3302447241149476,2014-03-06,21.928267308558382,14.648835824174368,41525.71827397686,3.7931956175106856,1666.2465901713997,3,2014,spring,21.928267308558382,0.0,0.0,0.0,14.648835824174368,0.0,0.0,0.0,3.7931956175106856,0.0,0.0,0.0,1666.2465901713997,0.0,0.0,0.0,3.7931956175106856,2014-02-24,2014-02-24,2014-02-24
0.4028273752775915,2014-03-22,29.201547088184128,17.34247177844268,43199.87890625,0.0,1979.1514620026792,3,2014,spring,51.12981439674251,0.0,0.0,0.0,31.99130760261705,0.0,0.0,0.0,3.7931956175106856,0.0,0.0,0.0,3645.3980521740787,0.0,0.0,0.0,3.7931956175106856,2014-02-24,2014-02-24,2014-02-24
0.4119030290968942,2014-04-07,31.971476626196683,20.172637688963988,44874.05125727315,7.195987448383079,2362.268331372888,4,2014,spring,83.1012910229392,0.0,0.0,0.0,52.16394529158104,0.0,0.0,0.0,10.989183065893764,0.0,0.0,0.0,6007.666383546967,0.0,0.0,0.0,10.989183065893764,2014-02-24,2014-02-24,2014-02-24
0.4028460717140028,2014-04-23,29.004668435591547,15.345944555783376,46464.36307102349,0.0,1742.8044053592448,4,2014,spring,112.10595945853075,0.0,0.0,0.0,67.5098898473644,0.0,0.0,0.0,10.989183065893764,0.0,0.0,0.0,7750.470788906212,0.0,0.0,0.0,10.989183065893764,2014-02-24,2014-02-24,2014-02-24
0.4210089413481677,2014-05-09,31.782321161605346,19.71365210860345,47869.21296744248,0.0,2296.109042473319,5,2014,spring,143.88828062013607,0.0,0.0,0.0,87.22354195596786,0.0,0.0,0.0,10.989183065893764,0.0,0.0,0.0,10046.579831379531,0.0,0.0,0.0,10.989183065893764,2014-02-24,2014-02-24,2014-02-24
0.3855474917371715,2014-05-25,33.26667378437568,22.1168426232358,48963.45937152688,0.0,2661.6483335870093,5,2014,spring,177.15495440451178,0.0,0.0,0.0,109.34038457920366,0.0,0.0,0.0,10.989183065893764,0.0,0.0,0.0,12708.22816496654,0.0,0.0,0.0,10.989183065893764,2014-02-24,2014-02-24,2014-02-24
0.4092556596949109,2014-06-10,34.75500115091333,21.635574294732702,49615.8542488641,19.52022910527106,2584.5820525739987,6,2014,summer,0.0,34.75500115091333,0.0,0.0,0.0,21.635574294732702,0.0,0.0,0.0,19.52022910527106,0.0,0.0,0.0,2584.5820525739987,0.0,0.0,30.509412171164826,2014-02-24,2014-02-24,2014-02-24
0.4470774768371541,2014-06-26,34.097774116165,22.944112704987315,49730.410688047545,9.21852616049256,2798.9220093028816,6,2014,summer,0.0,68.85277526707833,0.0,0.0,0.0,44.57968699972002,0.0,0.0,0.0,28.738755265763622,0.0,0.0,0.0,5383.50406187688,0.0,0.0,39.727938331657384,2014-02-24,2014-02-24,2014-02-24
0.360883337783118,2014-07-12,33.03308373814348,23.26446486886077,49288.73558875689,8.778583167287598,2853.612183242863,7,2014,summer,0.0,101.88585900522182,0.0,0.0,0.0,67.84415186858078,0.0,0.0,0.0,37.51733843305122,0.0,0.0,0.0,8237.116245119743,0.0,0.0,48.506521498944984,2014-02-24,2014-02-24,2014-02-24
0.4521413617510574,2014-07-28,33.88295236671321,24.918857253645257,48359.16434280205,0.0,3151.483948992487,7,2014,summer,0.0,135.76881137193502,0.0,0.0,0.0,92.76300912222604,0.0,0.0,0.0,37.51733843305122,0.0,0.0,0.0,11388.60019411223,0.0,0.0,48.506521498944984,2014-02-24,2014-02-24,2014-02-24
0.4117717904492949,2014-08-13,34.05001579488174,23.51506348155035,47064.44857622092,5.897695586559165,2896.953204805383,8,2014,summer,0.0,169.81882716681676,0.0,0.0,0.0,116.2780726037764,0.0,0.0,0.0,43.41503401961038,0.0,0.0,0.0,14285.553398917613,0.0,0.0,54.40421708550415,2014-02-24,2014-02-24,2014-02-24
0.3577189558950761,2014-08-29,33.201260421465626,23.39960159686819,45535.86398363952,23.12565691421223,2876.9095754966584,8,2014,summer,0.0,203.0200875882824,0.0,0.0,0.0,139.6776742006446,0.0,0.0,0.0,66.54069093382262,0.0,0.0,0.0,17162.462974414273,0.0,0.0,77.52987399971639,2014-02-24,2014-02-24,2014-02-24
0.3729064767518636,2014-09-14,32.49055171691225,23.090949789949043,43884.99474883141,3.82669925258873,2823.769975887284,9,2014,fall,0.0,0.0,32.49055171691225,0.0,0.0,0.0,23.090949789949043,0.0,0.0,0.0,3.82669925258873,0.0,0.0,0.0,2823.769975887284,0.0,81.35657325230511,2014-02-24,2014-02-24,2014-02-24
0.3466489943549938,2014-09-30,30.715305972099323,22.678942346872155,42201.17099609377,14.346638086450648,2754.256724465344,9,2014,fall,0.0,0.0,63.20585768901157,0.0,0.0,0.0,45.7698921368212,0.0,0.0,0.0,18.173337339039378,0.0,0.0,0.0,5578.026700352628,0.0,95.70321133875576,2014-02-24,2014-02-24,2014-02-24
0.3460436933564577,2014-10-16,27.52993093624276,15.420719113758924,40565.84615871798,0.0,1751.1071772108514,10,2014,fall,0.0,0.0,90.73578862525433,0.0,0.0,0.0,61.19061125058012,0.0,0.0,0.0,18.173337339039378,0.0,0.0,0.0,7329.1338775634795,0.0,95.70321133875576,2014-02-24,2014-02-24,2014-02-24
0.3216732176533582,2014-11-01,18.195108672165976,11.525502136860934,39071.76388230583,0.0,1358.5491846890634,11,2014,fall,0.0,0.0,108.9308972974203,0.0,0.0,0.0,72.71611338744106,0.0,0.0,0.0,18.173337339039378,0.0,0.0,0.0,8687.683062252543,0.0,95.70321133875576,2014-02-24,2014-02-24,2014-02-24
0.3357335528788908,2014-11-17,28.68031806047991,15.931575329533189,37835.08921511344,27.656052853572323,1809.439056000651,11,2014,fall,0.0,0.0,137.61121535790022,0.0,0.0,0.0,88.64768871697424,0.0,0.0,0.0,45.8293901926117,0.0,0.0,0.0,10497.122118253194,0.0,123.35926419232808,2014-02-24,2014-02-24,2014-02-24
0.2886612137236505,2014-12-03,26.31957991252884,15.808966605234357,36988.453159527,0.0,1795.305503257848,12,2014,winter,0.0,0.0,0.0,117.45328759827878,0.0,0.0,0.0,55.91583069504931,0.0,0.0,0.0,2.15620505809784,0.0,0.0,0.0,7086.651620531284,123.35926419232808,2014-02-24,2014-02-24,2014-02-24
0.3046421540104185,2014-12-19,21.84088906713112,8.703603024462776,36648.01743225354,0.0,1124.7248705173645,12,2014,winter,0.0,0.0,0.0,139.2941766654099,0.0,0.0,0.0,64.61943371951209,0.0,0.0,0.0,2.15620505809784,0.0,0.0,0.0,8211.376491048648,123.35926419232808,2014-02-24,2014-02-24,2014-02-24
0.3017698123280362,2015-01-01,22.799257814535043,15.62459943518978,36784.09496988594,1.362936190550049,1774.2711957795852,1,2015,winter,0.0,0.0,0.0,22.799257814535043,0.0,0.0,0.0,15.62459943518978,0.0,0.0,0.0,1.362936190550049,0.0,0.0,0.0,1774.2711957795852,0.0,2015-02-11,2015-02-11,2015-02-11
0.3095817101177329,2015-01-17,23.055633306802573,8.370918451343126,37436.419534723136,0.0,1099.621045049564,1,2015,winter,0.0,0.0,0.0,45.854891121337616,0.0,0.0,0.0,23.995517886532905,0.0,0.0,0.0,1.362936190550049,0.0,0.0,0.0,2873.892240829149,0.0,2015-02-11,2015-02-11,2015-02-11
0.3074500503849158,2015-02-02,24.62767674703479,9.903417832183049,38530.609176418686,2.956952403591767,1219.4462421241665,2,2015,winter,0.0,0.0,0.0,70.4825678683724,0.0,0.0,0.0,33.898935718715954,0.0,0.0,0.0,4.3198885941418155,0.0,0.0,0.0,4093.3384829533156,0.0,2015-02-11,2015-02-11,2015-02-11
0.3643256337601044,2015-02-18,16.100876014302468,8.305806506029237,39935.42637535959,0.0,1094.839449058118,2,2015,winter,0.0,0.0,0.0,86.58344388267487,0.0,0.0,0.0,42.20474222474519,0.0,0.0,0.0,4.3198885941418155,0.0,0.0,0.0,5188.177932011434,0.0,2015-02-11,2015-02-11,2015-02-11
0.3247756566623394,2015-03-06,23.126727988330902,14.263137047410517,41525.71827397686,0.6380847286074484,1625.315848065621,3,2015,spring,23.126727988330902,0.0,0.0,0.0,14.263137047410517,0.0,0.0,0.0,0.6380847286074484,0.0,0.0,0.0,1625.315848065621,0.0,0.0,0.0,0.6380847286074484,2015-02-11,2015-02-11,2015-02-11
0.362662919229348,2015-03-22,30.191441396290283,19.472220619552807,43199.87890625,0.0,2261.938277470418,3,2015,spring,53.318169384621186,0.0,0.0,0.0,33.735357666963324,0.0,0.0,0.0,0.6380847286074484,0.0,0.0,0.0,3887.2541255360393,0.0,0.0,0.0,0.6380847286074484,2015-02-11,2015-02-11,2015-02-11
0.3604876653304393,2015-04-07,29.55590065483269,18.660503112721152,44874.05125727315,16.59214491664616,2150.2332298246897,4,2015,spring,82.87407003945387,0.0,0.0,0.0,52.395860779684476,0.0,0.0,0.0,17.23022964525361,0.0,0.0,0.0,6037.4873553607285,0.0,0.0,0.0,17.23022964525361,2015-02-11,2015-02-11,2015-02-11
0.4399173033487802,2015-04-23,28.346048135039204,19.39748640070401,46464.36307102349,7.637766215716447,2251.3621722871803,4,2015,spring,111.22011817449308,0.0,0.0,0.0,71.79334718038848,0.0,0.0,0.0,24.867995860970055,0.0,0.0,0.0,8288.84952764791,0.0,0.0,0.0,24.867995860970055,2015-02-11,2015-02-11,2015-02-11
0.3966883950430096,2015-05-09,32.4264017081161,18.49594768280765,47869.21296744248,0.0,2127.939689578771,5,2015,spring,143.6465198826092,0.0,0.0,0.0,90.28929486319613,0.0,0.0,0.0,24.867995860970055,0.0,0.0,0.0,10416.78921722668,0.0,0.0,0.0,24.867995860970055,2015-02-11,2015-02-11,2015-02-11
0.3657105716091345,2015-05-25,31.631370233591635,22.01186559140433,48963.45937152688,0.0,2644.788995603938,5,2015,spring,175.2778901162008,0.0,0.0,0.0,112.30116045460046,0.0,0.0,0.0,24.867995860970055,0.0,0.0,0.0,13061.578212830618,0.0,0.0,0.0,24.867995860970055,2015-02-11,2015-02-11,2015-02-11
0.4108591514195788,2015-06-10,31.20671638734172,20.79172903962715,49615.8542488641,10.053446142194664,2454.286671709517,6,2015,summer,0.0,31.20671638734172,0.0,0.0,0.0,20.79172903962715,0.0,0.0,0.0,10.053446142194664,0.0,0.0,0.0,2454.286671709517,0.0,0.0,34.92144200316472,2015-02-11,2015-02-11,2015-02-11
0.3952274729756637,2015-06-26,33.570863664299885,22.45133266279389,49730.410688047545,0.0,2716.4268579459103,6,2015,summer,0.0,64.7775800516416,0.0,0.0,0.0,43.243061702421045,0.0,0.0,0.0,10.053446142194664,0.0,0.0,0.0,5170.713529655428,0.0,0.0,34.92144200316472,2015-02-11,2015-02-11,2015-02-11
0.3599858427529813,2015-07-12,34.87507543623697,23.211252986636627,49288.73558875689,0.0,2844.4212934422203,7,2015,summer,0.0,99.65265548787858,0.0,0.0,0.0,66.45431468905767,0.0,0.0,0.0,10.053446142194664,0.0,0.0,0.0,8015.134823097647,0.0,0.0,34.92144200316472,2015-02-11,2015-02-11,2015-02-11
0.4272416532681767,2015-07-28,31.186989039157734,24.608585825924106,48359.16434280205,21.91059307992209,3093.587422544089,7,2015,summer,0.0,130.8396445270363,0.0,0.0,0.0,91.06290051498178,0.0,0.0,0.0,31.964039222116753,0.0,0.0,0.0,11108.722245641737,0.0,0.0,56.83203508308681,2015-02-11,2015-02-11,2015-02-11
0.3795256814287035,2015-08-13,31.554456488457703,23.66467320440206,47064.44857622092,23.085067508609733,2923.258602994656,8,2015,summer,0.0,162.39410101549402,0.0,0.0,0.0,114.72757371938383,0.0,0.0,0.0,55.04910673072649,0.0,0.0,0.0,14031.980848636393,0.0,0.0,79.91710259169653,2015-02-11,2015-02-11,2015-02-11
0.3595310627267027,2015-08-29,32.39344301343465,22.69805384989065,45535.86398363952,38.65760143112439,2757.383959769405,8,2015,summer,0.0,194.78754402892866,0.0,0.0,0.0,137.42562756927447,0.0,0.0,0.0,93.70670816185088,0.0,0.0,0.0,16789.364808405797,0.0,0.0,118.57470402282092,2015-02-11,2015-02-11,2015-02-11
0.3883028970338227,2015-09-14,30.932253137193463,21.297671528441143,43884.99474883141,0.0,2531.7660091256503,9,2015,fall,0.0,0.0,30.932253137193463,0.0,0.0,0.0,21.297671528441143,0.0,0.0,0.0,0.0,0.0,0.0,0.0,2531.7660091256503,0.0,118.57470402282092,2015-02-11,2015-02-11,2015-02-11
0.3274376357944554,2015-09-30,32.35393983928729,24.00031799891005,42201.17099609377,0.0,2982.762611931837,9,2015,fall,0.0,0.0,63.286192976480756,0.0,0.0,0.0,45.29798952735119,0.0,0.0,0.0,0.0,0.0,0.0,0.0,5514.528621057487,0.0,118.57470402282092,2015-02-11,2015-02-11,2015-02-11
0.3163214437568514,2015-10-16,28.347246361576865,18.61183212491758,40565.84615871798,0.0,2143.7044450448657,10,2015,fall,0.0,0.0,91.63343933805763,0.0,0.0,0.0,63.909821652268775,0.0,0.0,0.0,0.0,0.0,0.0,0.0,7658.233066102353,0.0,118.57470402282092,2015-02-11,2015-02-11,2015-02-11
0.3100657714262257,2015-11-01,31.026936661448943,19.316483046320204,39071.76388230583,0.0,2240.031216494509,11,2015,fall,0.0,0.0,122.66037599950656,0.0,0.0,0.0,83.22630469858898,0.0,0.0,0.0,0.0,0.0,0.0,0.0,9898.264282596861,0.0,118.57470402282092,2015-02-11,2015-02-11,2015-02-11
0.3529375580848048,2015-11-17,29.29716842324165,19.605814232586823,37835.08921511344,3.1646914131471813,2280.8030658290977,11,2015,fall,0.0,0.0,151.9575444227482,0.0,0.0,0.0,102.8321189311758,0.0,0.0,0.0,3.1646914131471813,0.0,0.0,0.0,12179.06734842596,0.0,121.7393954359681,2015-02-11,2015-02-11,2015-02-11
0.334366422797358,2015-12-03,22.725984857271914,18.001264682973286,36988.453159527,3.1428833707605954,2063.067393142509,12,2015,winter,0.0,0.0,0.0,109.30942873994678,0.0,0.0,0.0,60.206006907718475,0.0,0.0,0.0,7.462771964902411,0.0,0.0,0.0,7251.245325153943,124.8822788067287,2015-02-11,2015-02-11,2015-02-11
0.3814582560185494,2015-12-19,20.603181438665512,8.779857726725577,36648.01743225354,0.0,1130.5857306061432,12,2015,winter,0.0,0.0,0.0,129.9126101786123,0.0,0.0,0.0,68.98586463444406,0.0,0.0,0.0,7.462771964902411,0.0,0.0,0.0,8381.831055760085,124.8822788067287,2015-02-11,2015-02-11,2015-02-11
0.3203609862807721,2016-01-01,29.04110674269529,19.78126830316488,36784.09496988594,0.0120360879375595,2305.737797105862,1,2016,winter,0.0,0.0,0.0,29.04110674269529,0.0,0.0,0.0,19.78126830316488,0.0,0.0,0.0,0.0120360879375595,0.0,0.0,0.0,2305.737797105862,0.0,2016-02-17,2016-02-17,2016-02-17
0.3112433822019631,2016-01-17,22.478631752305464,11.375424153685072,37436.419534723136,0.1876318001348105,1345.1342486521198,1,2016,winter,0.0,0.0,0.0,51.51973849500075,0.0,0.0,0.0,31.156692456849953,0.0,0.0,0.0,0.19966788807237001,0.0,0.0,0.0,3650.8720457579816,0.0,2016-02-17,2016-02-17,2016-02-17
0.2883215066195359,2016-02-02,27.9379074596461,15.844994291401306,38530.609176418686,0.0,1799.3869554080725,2,2016,winter,0.0,0.0,0.0,79.45764595464686,0.0,0.0,0.0,47.00168674825126,0.0,0.0,0.0,0.19966788807237001,0.0,0.0,0.0,5450.259001166054,0.0,2016-02-17,2016-02-17,2016-02-17
0.3187942238985606,2016-02-18,21.92609623326418,10.132414767482796,39935.42637535959,0.0,1238.2570366001537,2,2016,winter,0.0,0.0,0.0,101.38374218791104,0.0,0.0,0.0,57.13410151573405,0.0,0.0,0.0,0.19966788807237001,0.0,0.0,0.0,6688.516037766208,0.0,2016-02-17,2016-02-17,2016-02-17
0.3284939057944229,2016-03-05,23.288434088180264,10.67165793185454,41525.71827397686,0.0,1283.6469292676609,3,2016,spring,23.288434088180264,0.0,0.0,0.0,10.67165793185454,0.0,0.0,0.0,0.0,0.0,0.0,0.0,1283.6469292676609,0.0,0.0,0.0,0.0,2016-02-17,2016-02-17,2016-02-17
0.3679137508173729,2016-03-21,18.23559257994138,9.62093044689011,43199.87890625,0.0,1196.5213104056522,3,2016,spring,41.52402666812164,0.0,0.0,0.0,20.29258837874465,0.0,0.0,0.0,0.0,0.0,0.0,0.0,2480.168239673313,0.0,0.0,0.0,0.0,2016-02-17,2016-02-17,2016-02-17
0.3434396767783983,2016-04-06,25.63960726400799,15.823262599023316,44874.05125727315,1.563527720318679,1796.945532060568,4,2016,spring,67.16363393212963,0.0,0.0,0.0,36.11585097776796,0.0,0.0,0.0,1.563527720318679,0.0,0.0,0.0,4277.113771733881,0.0,0.0,0.0,1.563527720318679,2016-02-17,2016-02-17,2016-02-17
0.4018189854784039,2016-04-22,29.92508892903269,16.22061457444436,46464.36307102349,4.239849911898252,1843.0585867718185,4,2016,spring,97.08872286116232,0.0,0.0,0.0,52.33646555221233,0.0,0.0,0.0,5.8033776322169315,0.0,0.0,0.0,6120.1723585057,0.0,0.0,0.0,5.8033776322169315,2016-02-17,2016-02-17,2016-02-17
0.4150060720930754,2016-05-08,30.131974822108223,13.219566431354783,47869.21296744248,0.0,1396.875327866048,5,2016,spring,127.22069768327054,0.0,0.0,0.0,65.55603198356711,0.0,0.0,0.0,5.8033776322169315,0.0,0.0,0.0,7517.047686371748,0.0,0.0,0.0,5.8033776322169315,2016-02-17,2016-02-17,2016-02-17
0.4409883429206828,2016-05-24,30.658916287442143,19.958669453185973,48963.45937152688,0.0,2331.279150620465,5,2016,spring,157.87961397071268,0.0,0.0,0.0,85.51470143675309,0.0,0.0,0.0,5.8033776322169315,0.0,0.0,0.0,9848.326836992212,0.0,0.0,0.0,5.8033776322169315,2016-02-17,2016-02-17,2016-02-17
0.4132379087264645,2016-06-09,30.61647647255137,23.29377309009121,49615.8542488641,1.6924340977142545,2858.5138073398493,6,2016,summer,0.0,30.61647647255137,0.0,0.0,0.0,23.29377309009121,0.0,0.0,0.0,1.6924340977142545,0.0,0.0,0.0,2858.5138073398493,0.0,0.0,7.4958117299311855,2016-02-17,2016-02-17,2016-02-17
0.4089341441708692,2016-06-25,35.32291116215694,25.249763592915567,49730.410688047545,0.0,3214.132342861288,6,2016,summer,0.0,65.93938763470831,0.0,0.0,0.0,48.54353668300678,0.0,0.0,0.0,1.6924340977142545,0.0,0.0,0.0,6072.646150201137,0.0,0.0,7.4958117299311855,2016-02-17,2016-02-17,2016-02-17
0.3726395730977775,2016-07-11,35.15394858675524,24.76532294440968,49288.73558875689,0.0,3122.6300788783637,7,2016,summer,0.0,101.09333622146355,0.0,0.0,0.0,73.30885962741645,0.0,0.0,0.0,1.6924340977142545,0.0,0.0,0.0,9195.276229079502,0.0,0.0,7.4958117299311855,2016-02-17,2016-02-17,2016-02-17
0.4163115796855611,2016-07-27,35.67284660139843,24.36667756266177,48359.16434280205,0.0,3049.132748464163,7,2016,summer,0.0,136.766182822862,0.0,0.0,0.0,97.67553719007823,0.0,0.0,0.0,1.6924340977142545,0.0,0.0,0.0,12244.408977543664,0.0,0.0,7.4958117299311855,2016-02-17,2016-02-17,2016-02-17
0.3849783815543832,2016-08-12,33.55788505346706,23.684920967971934,47064.44857622092,5.430408483618975,2926.7352176299164,8,2016,summer,0.0,170.32406787632905,0.0,0.0,0.0,121.36045815805016,0.0,0.0,0.0,7.122842581333229,0.0,0.0,0.0,15171.14419517358,0.0,0.0,12.92622021355016,2016-02-17,2016-02-17,2016-02-17
0.3444603680200644,2016-08-28,33.37873329577587,25.49076711183812,45535.86398363952,0.6158682002057616,3260.450742496508,8,2016,summer,0.0,203.7028011721049,0.0,0.0,0.0,146.8512252698883,0.0,0.0,0.0,7.738710781538991,0.0,0.0,0.0,18431.59493767009,0.0,0.0,13.542088413755922,2016-02-17,2016-02-17,2016-02-17
0.3668604107585391,2016-09-13,29.258620827367636,23.991595737405408,43884.99474883141,16.509026196012943,2981.3059267435124,9,2016,fall,0.0,0.0,29.258620827367636,0.0,0.0,0.0,23.991595737405408,0.0,0.0,0.0,16.509026196012943,0.0,0.0,0.0,2981.3059267435124,0.0,30.051114609768867,2016-02-17,2016-02-17,2016-02-17
0.3349167878257333,2016-09-29,32.06593371495044,21.94284263794393,42201.17099609377,4.255606208747901,2633.600894854558,9,2016,fall,0.0,0.0,61.324554542318076,0.0,0.0,0.0,45.93443837534934,0.0,0.0,0.0,20.764632404760846,0.0,0.0,0.0,5614.906821598071,0.0,34.306720818516766,2016-02-17,2016-02-17,2016-02-17
0.3668271168772091,2016-10-15,30.00969301487113,22.213886388974213,40565.84615871798,5.277137045880244,2677.4855918980056,10,2016,fall,0.0,0.0,91.3342475571892,0.0,0.0,0.0,68.14832476432355,0.0,0.0,0.0,26.041769450641088,0.0,0.0,0.0,8292.392413496076,0.0,39.58385786439701,2016-02-17,2016-02-17,2016-02-17
0.3026989686097242,2016-10-31,28.825744795100974,17.340213150259842,39071.76388230583,0.0,1978.8621064253937,10,2016,fall,0.0,0.0,120.15999235229017,0.0,0.0,0.0,85.48853791458339,0.0,0.0,0.0,26.041769450641088,0.0,0.0,0.0,10271.25451992147,0.0,39.58385786439701,2016-02-17,2016-02-17,2016-02-17
0.3104540360054716,2016-11-16,25.100560677201187,11.028035042375707,37835.08921511344,0.0,1314.458010825952,11,2016,fall,0.0,0.0,145.26055302949138,0.0,0.0,0.0,96.5165729569591,0.0,0.0,0.0,26.041769450641088,0.0,0.0,0.0,11585.712530747422,0.0,39.58385786439701,2016-02-17,2016-02-17,2016-02-17
0.3042813784302023,2016-12-02,23.188134954065468,13.649912669419251,36988.453159527,0.0,1561.8353614839057,12,2016,winter,0.0,0.0,0.0,124.5718771419765,0.0,0.0,0.0,70.78401418515331,0.0,0.0,0.0,0.19966788807237001,0.0,0.0,0.0,8250.351399250114,39.58385786439701,2016-02-17,2016-02-17,2016-02-17
0.2807420150175477,2016-12-18,30.334514103773756,17.06818827076438,36648.01743225354,5.112491125267422,1945.138431054279,12,2016,winter,0.0,0.0,0.0,154.90639124575026,0.0,0.0,0.0,87.85220245591768,0.0,0.0,0.0,5.312159013339792,0.0,0.0,0.0,10195.489830304392,44.69634898966443,2016-02-17,2016-02-17,2016-02-17
0.312760463478044,2017-01-01,27.323035600893675,9.794775100332924,36784.09496988594,0.0,1209.7905174861894,1,2017,winter,0.0,0.0,0.0,27.323035600893675,0.0,0.0,0.0,9.794775100332924,0.0,0.0,0.0,0.0,0.0,0.0,0.0,1209.7905174861894,0.0,2017-02-16,2017-02-16,2017-02-16
0.2953439583905891,2017-01-17,26.75223016808722,13.147071623203647,37436.419534723136,0.0,1356.108390712339,1,2017,winter,0.0,0.0,0.0,54.0752657689809,0.0,0.0,0.0,22.94184672353657,0.0,0.0,0.0,0.0,0.0,0.0,0.0,2565.8989081985283,0.0,2017-02-16,2017-02-16,2017-02-16
0.2957074408569545,2017-02-02,25.145841494763744,8.050441430527798,38530.609176418686,0.0,926.2093432246896,2,2017,winter,0.0,0.0,0.0,79.22110726374464,0.0,0.0,0.0,30.99228815406437,0.0,0.0,0.0,0.0,0.0,0.0,0.0,3492.108251423218,0.0,2017-02-16,2017-02-16,2017-02-16
0.3018388238676032,2017-02-18,26.318134431559677,9.623210786775568,39935.42637535959,0.5036956055923738,1019.0911631149232,2,2017,winter,0.0,0.0,0.0,105.53924169530431,0.0,0.0,0.0,40.615498940839935,0.0,0.0,0.0,0.5036956055923738,0.0,0.0,0.0,4511.199414538141,0.5036956055923738,2017-02-16,2017-02-16,2017-02-16
0.3091702590005774,2017-03-06,24.614599860263176,15.88825526342233,41525.71827397686,0.0,1804.4931132424333,3,2017,spring,24.614599860263176,0.0,0.0,0.0,15.88825526342233,0.0,0.0,0.0,0.0,0.0,0.0,0.0,1804.4931132424333,0.0,0.0,0.0,0.5036956055923738,2017-02-16,2017-02-16,2017-02-16
0.3649998028828393,2017-03-22,30.747228485171277,12.218607167569171,43199.87890625,0.0,1108.2892090673731,3,2017,spring,55.36182834543445,0.0,0.0,0.0,28.1068624309915,0.0,0.0,0.0,0.0,0.0,0.0,0.0,2912.7823223098067,0.0,0.0,0.0,0.5036956055923738,2017-02-16,2017-02-16,2017-02-16
0.3456998717474876,2017-04-07,23.51686238195109,11.991874446180576,44874.05125727315,0.0,1184.8022280705034,4,2017,spring,78.87869072738555,0.0,0.0,0.0,40.09873687717208,0.0,0.0,0.0,0.0,0.0,0.0,0.0,4097.58455038031,0.0,0.0,0.0,0.5036956055923738,2017-02-16,2017-02-16,2017-02-16
0.3436065355079397,2017-04-23,29.39027872783869,19.338891232761885,46464.36307102349,0.0,1486.4438718468582,4,2017,spring,108.26896945522424,0.0,0.0,0.0,59.43762810993396,0.0,0.0,0.0,0.0,0.0,0.0,0.0,5584.0284222271675,0.0,0.0,0.0,0.5036956055923738,2017-02-16,2017-02-16,2017-02-16
0.3884017636299887,2017-05-09,31.45316318228654,15.903543436676888,47869.21296744248,0.0,941.67183522819,5,2017,spring,139.72213263751078,0.0,0.0,0.0,75.34117154661085,0.0,0.0,0.0,0.0,0.0,0.0,0.0,6525.700257455358,0.0,0.0,0.0,0.5036956055923738,2017-02-16,2017-02-16,2017-02-16
0.3965946336116344,2017-05-25,30.63510389328004,20.54687834035403,48963.45937152688,0.0,1570.4448933940555,5,2017,spring,170.35723653079083,0.0,0.0,0.0,95.88804988696488,0.0,0.0,0.0,0.0,0.0,0.0,0.0,8096.145150849414,0.0,0.0,0.0,0.5036956055923738,2017-02-16,2017-02-16,2017-02-16
0.3693735030413397,2017-06-10,30.77725474136146,22.101704934551137,49615.8542488641,20.32153183590917,2659.293818568785,6,2017,summer,0.0,30.77725474136146,0.0,0.0,0.0,22.101704934551137,0.0,0.0,0.0,20.32153183590917,0.0,0.0,0.0,2659.293818568785,0.0,0.0,20.825227441501543,2017-02-16,2017-02-16,2017-02-16
0.3809179859354641,2017-06-26,32.575256406512736,24.40792368894841,49730.410688047545,31.52126836188171,3056.610066574289,6,2017,summer,0.0,63.352511147874196,0.0,0.0,0.0,46.50962862349955,0.0,0.0,0.0,51.84280019779088,0.0,0.0,0.0,5715.903885143074,0.0,0.0,52.34649580338325,2017-02-16,2017-02-16,2017-02-16
0.3663914518033959,2017-07-12,32.92159968559712,23.225754666428188,49288.73558875689,8.18039124326227,2846.871994950682,7,2017,summer,0.0,96.27411083347133,0.0,0.0,0.0,69.73538328992774,0.0,0.0,0.0,60.02319144105315,0.0,0.0,0.0,8562.775880093755,0.0,0.0,60.52688704664552,2017-02-16,2017-02-16,2017-02-16
0.3965303738465736,2017-07-28,34.82454824707,24.607164291557417,48359.16434280205,1.6646982219304007,3093.277519985822,7,2017,summer,0.0,131.09865908054132,0.0,0.0,0.0,94.34254758148515,0.0,0.0,0.0,61.68788966298355,0.0,0.0,0.0,11656.053400079578,0.0,0.0,62.19158526857592,2017-02-16,2017-02-16,2017-02-16
0.3493328133736411,2017-08-13,32.878075288030395,23.80277439630182,47064.44857622092,7.011652183183567,2947.687261273373,8,2017,summer,0.0,163.97673436857173,0.0,0.0,0.0,118.14532197778698,0.0,0.0,0.0,68.69954184616712,0.0,0.0,0.0,14603.740661352951,0.0,0.0,69.20323745175949,2017-02-16,2017-02-16,2017-02-16
0.3934237134472447,2017-08-29,31.71775204576709,23.566403882473583,45535.86398363952,2.608183575611734,2906.00200863124,8,2017,summer,0.0,195.6944864143388,0.0,0.0,0.0,141.71172586026057,0.0,0.0,0.0,71.30772542177885,0.0,0.0,0.0,17509.742669984193,0.0,0.0,71.81142102737122,2017-02-16,2017-02-16,2017-02-16
0.3470742983229244,2017-09-14,33.31862995714324,22.63774415419192,43884.99474883141,10.556935654948452,2747.328982901474,9,2017,fall,0.0,0.0,33.31862995714324,0.0,0.0,0.0,22.63774415419192,0.0,0.0,0.0,10.556935654948452,0.0,0.0,0.0,2747.328982901474,0.0,82.36835668231967,2017-02-16,2017-02-16,2017-02-16
0.3465649785350785,2017-09-30,31.69934207694801,23.56707529682496,42201.17099609377,3.448925730872852,2906.15907878796,9,2017,fall,0.0,0.0,65.01797203409124,0.0,0.0,0.0,46.20481945101688,0.0,0.0,0.0,14.005861385821305,0.0,0.0,0.0,5653.488061689433,0.0,85.81728241319253,2017-02-16,2017-02-16,2017-02-16
0.3352592359182849,2017-10-16,32.008695052657664,22.749594719838907,40565.84615871798,4.506742167360613,2765.9879237729647,10,2017,fall,0.0,0.0,97.02666708674892,0.0,0.0,0.0,68.95441417085578,0.0,0.0,0.0,18.51260355318192,0.0,0.0,0.0,8419.475985462399,0.0,90.32402458055314,2017-02-16,2017-02-16,2017-02-16
0.3232652922167156,2017-11-01,26.82271879557287,12.970467522603204,39071.76388230583,0.0,1494.1546840587923,11,2017,fall,0.0,0.0,123.84938588232178,0.0,0.0,0.0,81.92488169345899,0.0,0.0,0.0,18.51260355318192,0.0,0.0,0.0,9913.630669521192,0.0,90.32402458055314,2017-02-16,2017-02-16,2017-02-16
0.3299414726294606,2017-11-17,25.430451330979,13.547347841202969,37835.08921511344,0.0,1551.431750086063,11,2017,fall,0.0,0.0,149.2798372133008,0.0,0.0,0.0,95.47222953466196,0.0,0.0,0.0,18.51260355318192,0.0,0.0,0.0,11465.062419607253,0.0,90.32402458055314,2017-02-16,2017-02-16,2017-02-16
0.318312748489242,2017-12-03,26.52214750226074,15.079197226508397,36988.453159527,0.0,1713.1502687717589,12,2017,winter,0.0,0.0,0.0,132.06138919756506,0.0,0.0,0.0,55.69469616734833,0.0,0.0,0.0,0.5036956055923738,0.0,0.0,0.0,6224.3496833099,90.32402458055314,2017-02-16,2017-02-16,2017-02-16
0.2973438588843297,2017-12-19,28.52358419037265,16.851470151107186,36648.01743225354,0.0,1918.581008757908,12,2017,winter,0.0,0.0,0.0,160.5849733879377,0.0,0.0,0.0,72.54616631845552,0.0,0.0,0.0,0.5036956055923738,0.0,0.0,0.0,8142.930692067808,90.32402458055314,2017-02-16,2017-02-16,2017-02-16
0.3082845338842513,2018-01-01,16.051725931646438,8.09109676699758,36784.09496988594,1.9363017754699403,1078.931286250797,1,2018,winter,0.0,0.0,0.0,16.051725931646438,0.0,0.0,0.0,8.09109676699758,0.0,0.0,0.0,1.9363017754699403,0.0,0.0,0.0,1078.931286250797,0.0,2018-02-25,2018-02-25,2018-02-25
0.2677929704355852,2018-01-17,21.761788249714115,5.514238004629585,37436.419534723136,0.0,903.754087529522,1,2018,winter,0.0,0.0,0.0,37.81351418136055,0.0,0.0,0.0,13.605334771627167,0.0,0.0,0.0,1.9363017754699403,0.0,0.0,0.0,1982.685373780319,0.0,2018-02-25,2018-02-25,2018-02-25
0.2980160912677727,2018-02-02,24.31058281106431,11.14389749351406,38530.609176418686,0.0,1324.6855821489796,2,2018,winter,0.0,0.0,0.0,62.12409699242487,0.0,0.0,0.0,24.749232265141227,0.0,0.0,0.0,1.9363017754699403,0.0,0.0,0.0,3307.370955929299,0.0,2018-02-25,2018-02-25,2018-02-25
0.2950704472727383,2018-02-18,28.58347756952423,13.852006288003732,39935.42637535959,0.0,1582.4523051688866,2,2018,winter,0.0,0.0,0.0,90.70757456194909,0.0,0.0,0.0,38.60123855314496,0.0,0.0,0.0,1.9363017754699403,0.0,0.0,0.0,4889.823261098185,0.0,2018-02-25,2018-02-25,2018-02-25
0.3009363659050491,2018-03-06,27.16893624441396,9.04695659821004,41525.71827397686,1.9962379648159243,1151.139249321208,3,2018,spring,27.16893624441396,0.0,0.0,0.0,9.04695659821004,0.0,0.0,0.0,1.9962379648159243,0.0,0.0,0.0,1151.139249321208,0.0,0.0,0.0,1.9962379648159243,2018-02-25,2018-02-25,2018-02-25
0.3236462874688455,2018-03-22,20.14569775230216,8.141722813286046,43199.87890625,0.0,1035.9924102144766,3,2018,spring,47.31463399671612,0.0,0.0,0.0,17.188679411496086,0.0,0.0,0.0,1.9962379648159243,0.0,0.0,0.0,2187.131659535685,0.0,0.0,0.0,1.9962379648159243,2018-02-25,2018-02-25,2018-02-25
0.3835362164877143,2018-04-07,31.066474935699212,18.034746432204635,44874.05125727315,3.778827935519579,1862.707174465547,4,2018,spring,78.38110893241533,0.0,0.0,0.0,35.223425843700724,0.0,0.0,0.0,5.775065900335504,0.0,0.0,0.0,4049.8388340012316,0.0,0.0,0.0,5.775065900335504,2018-02-25,2018-02-25,2018-02-25
0.4030152677350169,2018-04-23,29.65894249493109,20.440644355498613,46464.36307102349,19.14013381478178,2401.6961865413145,4,2018,spring,108.04005142734641,0.0,0.0,0.0,55.66407019919933,0.0,0.0,0.0,24.915199715117282,0.0,0.0,0.0,6451.535020542546,0.0,0.0,0.0,24.915199715117282,2018-02-25,2018-02-25,2018-02-25
0.3432620375723004,2018-05-09,29.897391237075368,16.746199839284742,47869.21296744248,0.0,1617.6258365264005,5,2018,spring,137.93744266442178,0.0,0.0,0.0,72.41027003848407,0.0,0.0,0.0,24.915199715117286,0.0,0.0,0.0,8069.160857068947,0.0,0.0,0.0,24.915199715117282,2018-02-25,2018-02-25,2018-02-25
0.3595259547072788,2018-05-25,30.919061208070573,21.759671708929,48963.45937152688,2.541074258051657,2604.177456639503,5,2018,spring,168.85650387249237,0.0,0.0,0.0,94.16994174741308,0.0,0.0,0.0,27.456273973168944,0.0,0.0,0.0,10673.33831370845,0.0,0.0,0.0,27.45627397316894,2018-02-25,2018-02-25,2018-02-25
0.3665664787103991,2018-06-10,32.30585931135523,21.413150547139324,49615.8542488641,8.553398548808557,2549.6603540141223,6,2018,summer,0.0,32.30585931135523,0.0,0.0,0.0,21.413150547139324,0.0,0.0,0.0,8.553398548808557,0.0,0.0,0.0,2549.6603540141223,0.0,0.0,36.0096725219775,2018-02-25,2018-02-25,2018-02-25
0.4080710029283271,2018-06-26,33.166258825717115,23.523923977847883,49730.410688047545,16.39531484787435,2898.622227433337,6,2018,summer,0.0,65.47211813707234,0.0,0.0,0.0,44.93707452498721,0.0,0.0,0.0,24.948713396682905,0.0,0.0,0.0,5448.282581447459,0.0,0.0,52.40498736985185,2018-02-25,2018-02-25,2018-02-25
0.3611823232658274,2018-07-12,33.935901429363895,22.8047772660914,49288.73558875689,0.0,2775.2376014486035,7,2018,summer,0.0,99.40801956643624,0.0,0.0,0.0,67.7418517910786,0.0,0.0,0.0,24.94871339668291,0.0,0.0,0.0,8223.520182896063,0.0,0.0,52.40498736985185,2018-02-25,2018-02-25,2018-02-25
0.3748455170060935,2018-07-28,33.03421698554291,23.505480773977663,48359.16434280205,24.58114068986981,2895.3337579958616,7,2018,summer,0.0,132.44223655197914,0.0,0.0,0.0,91.24733256505627,0.0,0.0,0.0,49.52985408655272,0.0,0.0,0.0,11118.853940891924,0.0,0.0,76.98612805972166,2018-02-25,2018-02-25,2018-02-25
0.3825444584490293,2018-08-13,33.37014582167112,23.453213335380404,47064.44857622092,0.0,2886.3280259008693,8,2018,summer,0.0,165.81238237365028,0.0,0.0,0.0,114.70054590043668,0.0,0.0,0.0,49.52985408655272,0.0,0.0,0.0,14005.181966792794,0.0,0.0,76.98612805972166,2018-02-25,2018-02-25,2018-02-25
0.3601557453018839,2018-08-29,31.22177195658745,23.051694039021584,45535.86398363952,0.0,2817.126637095688,8,2018,summer,0.0,197.03415433023773,0.0,0.0,0.0,137.75223993945826,0.0,0.0,0.0,49.52985408655272,0.0,0.0,0.0,16822.30860388848,0.0,0.0,76.98612805972166,2018-02-25,2018-02-25,2018-02-25
0.3762857977716918,2018-09-14,34.75770537105066,24.050374571249584,43884.99474883141,0.0,2991.7751716645703,9,2018,fall,0.0,0.0,34.75770537105066,0.0,0.0,0.0,24.050374571249584,0.0,0.0,0.0,0.0,0.0,0.0,0.0,2991.7751716645703,0.0,76.98612805972166,2018-02-25,2018-02-25,2018-02-25
0.3365535732223922,2018-09-30,32.457402123566965,23.80791320232169,42201.17099609377,0.0,2948.5186648444665,9,2018,fall,0.0,0.0,67.21510749461763,0.0,0.0,0.0,47.85828777357128,0.0,0.0,0.0,0.0,0.0,0.0,0.0,5940.293836509037,0.0,76.98612805972166,2018-02-25,2018-02-25,2018-02-25
0.3457949529793437,2018-10-16,33.06213545739403,22.55671962055702,40565.84615871798,0.0,2733.928677738462,10,2018,fall,0.0,0.0,100.27724295201165,0.0,0.0,0.0,70.4150073941283,0.0,0.0,0.0,0.0,0.0,0.0,0.0,8674.222514247498,0.0,76.98612805972166,2018-02-25,2018-02-25,2018-02-25
0.3312947365927162,2018-11-01,29.35115642308192,15.811325879376309,39071.76388230583,0.0,1795.5207194180678,11,2018,fall,0.0,0.0,129.62839937509358,0.0,0.0,0.0,86.2263332735046,0.0,0.0,0.0,0.0,0.0,0.0,0.0,10469.743233665566,0.0,76.98612805972166,2018-02-25,2018-02-25,2018-02-25
0.3321667143664933,2018-11-17,23.72495130245657,8.804103537583453,37835.08921511344,0.0,1132.413298130435,11,2018,fall,0.0,0.0,153.35335067755014,0.0,0.0,0.0,95.03043681108805,0.0,0.0,0.0,0.0,0.0,0.0,0.0,11602.156531796001,0.0,76.98612805972166,2018-02-25,2018-02-25,2018-02-25
0.3241237437729615,2018-12-03,30.1878938891399,20.084493205437607,36988.453159527,16.951363919319977,2349.47899932223,12,2018,winter,0.0,0.0,0.0,120.89546845108899,0.0,0.0,0.0,58.68573175858256,0.0,0.0,0.0,18.887665694789916,0.0,0.0,0.0,7239.302260420415,93.93749197904164,2018-02-25,2018-02-25,2018-02-25
0.3019893657818506,2018-12-19,23.938734733010943,7.811810709891465,36648.01743225354,6.470464951473302,1058.6386881680671,12,2018,winter,0.0,0.0,0.0,144.83420318409995,0.0,0.0,0.0,66.49754246847404,0.0,0.0,0.0,25.35813064626322,0.0,0.0,0.0,8297.940948588483,100.40795693051494,2018-02-25,2018-02-25,2018-02-25
0.289757233157381,2019-01-01,28.03966491561556,16.645691993346283,36784.09496988594,0.0,1893.6779243054264,1,2019,winter,0.0,0.0,0.0,28.03966491561556,0.0,0.0,0.0,16.645691993346283,0.0,0.0,0.0,0.0,0.0,0.0,0.0,1893.6779243054264,0.0,2019-01-21,2019-01-21,2019-01-21
0.2794091109826483,2019-01-17,21.43937292378319,5.938180451038992,37436.419534723136,0.0,930.7626077915338,1,2019,winter,0.0,0.0,0.0,49.47903783939875,0.0,0.0,0.0,22.583872444385275,0.0,0.0,0.0,0.0,0.0,0.0,0.0,2824.44053209696,0.0,2019-01-21,2019-01-21,2019-01-21
0.2765013359110185,2019-02-02,24.307524563178863,15.212783450860863,38530.609176418686,0.0,1727.9572922646755,2,2019,winter,0.0,0.0,0.0,73.78656240257762,0.0,0.0,0.0,37.79665589524614,0.0,0.0,0.0,0.0,0.0,0.0,0.0,4552.397824361636,0.0,2019-01-21,2019-01-21,2019-01-21
0.313632738655039,2019-02-18,29.958210455822663,17.42209209887054,39935.42637535959,0.0,1989.119244352844,2,2019,winter,0.0,0.0,0.0,103.74477285840027,0.0,0.0,0.0,55.218747994116676,0.0,0.0,0.0,0.0,0.0,0.0,0.0,6541.51706871448,0.0,2019-01-21,2019-01-21,2019-01-21
0.3154075782703596,2019-03-06,15.600016195704251,5.23410250307626,41525.71827397686,0.0,886.3064720409191,3,2019,spring,15.600016195704251,0.0,0.0,0.0,5.23410250307626,0.0,0.0,0.0,0.0,0.0,0.0,0.0,886.3064720409191,0.0,0.0,0.0,0.0,2019-01-21,2019-01-21,2019-01-21
0.3734273727504477,2019-03-22,25.169685015818075,9.003127070450885,43199.87890625,0.0,1147.7473662755478,3,2019,spring,40.769701211522325,0.0,0.0,0.0,14.237229573527145,0.0,0.0,0.0,0.0,0.0,0.0,0.0,2034.053838316467,0.0,0.0,0.0,0.0,2019-01-21,2019-01-21,2019-01-21
0.4033162147818913,2019-04-07,30.652602493014804,18.505211238182746,44874.05125727315,0.0,2129.372670959729,4,2019,spring,71.42230370453713,0.0,0.0,0.0,32.74244081170989,0.0,0.0,0.0,0.0,0.0,0.0,0.0,4163.426509276196,0.0,0.0,0.0,0.0,2019-01-21,2019-01-21,2019-01-21
0.3665790957882004,2019-04-23,28.495794484405845,12.53905337605018,46464.36307102349,0.0,1450.5273382019304,4,2019,spring,99.91809818894298,0.0,0.0,0.0,45.281494187760075,0.0,0.0,0.0,0.0,0.0,0.0,0.0,5613.953847478126,0.0,0.0,0.0,0.0,2019-01-21,2019-01-21,2019-01-21
0.4423697425157079,2019-05-09,29.538417355186283,20.830772052748937,47869.21296744248,0.0,2460.093015318037,5,2019,spring,129.45651554412925,0.0,0.0,0.0,66.112266240509,0.0,0.0,0.0,0.0,0.0,0.0,0.0,8074.046862796164,0.0,0.0,0.0,0.0,2019-01-21,2019-01-21,2019-01-21
0.4252663551962805,2019-05-25,32.26683833050428,19.648921015571855,48963.45937152688,0.0,2179.686627363262,5,2019,spring,161.72335387463352,0.0,0.0,0.0,85.76118725608086,0.0,0.0,0.0,0.0,0.0,0.0,0.0,10253.733490159426,0.0,0.0,0.0,0.0,2019-01-21,2019-01-21,2019-01-21
0.4010353740013839,2019-06-10,32.070877809803875,22.16686664266068,49615.8542488641,4.24862657521684,2669.8323693949824,6,2019,summer,0.0,32.070877809803875,0.0,0.0,0.0,22.16686664266068,0.0,0.0,0.0,4.24862657521684,0.0,0.0,0.0,2669.8323693949824,0.0,0.0,4.24862657521684,2019-01-21,2019-01-21,2019-01-21
0.4249973603990361,2019-06-26,34.64880183531151,23.91237498197596,49730.410688047545,0.0,2967.1066012586016,6,2019,summer,0.0,66.71967964511538,0.0,0.0,0.0,46.07924162463664,0.0,0.0,0.0,4.24862657521684,0.0,0.0,0.0,5636.938970653584,0.0,0.0,4.24862657521684,2019-01-21,2019-01-21,2019-01-21
0.3778080584275493,2019-07-12,32.451194227689484,22.746763233958927,49288.73558875689,36.69830748755564,2765.539668612302,7,2019,summer,0.0,99.17087387280486,0.0,0.0,0.0,68.82600485859557,0.0,0.0,0.0,40.94693406277248,0.0,0.0,0.0,8402.478639265886,0.0,0.0,40.94693406277248,2019-01-21,2019-01-21,2019-01-21
0.4006549075539469,2019-07-28,33.27061191902003,23.12028292532247,48359.16434280205,1.7029644251719245,2828.899886025147,7,2019,summer,0.0,132.4414857918249,0.0,0.0,0.0,91.94628778391804,0.0,0.0,0.0,42.649898487944405,0.0,0.0,0.0,11231.378525291033,0.0,0.0,42.649898487944405,2019-01-21,2019-01-21,2019-01-21
0.3717787539920961,2019-08-13,32.932747419708456,24.341613864000884,47064.44857622092,7.022252104459447,3044.556939135437,8,2019,summer,0.0,165.37423321153335,0.0,0.0,0.0,116.28790164791891,0.0,0.0,0.0,49.67215059240385,0.0,0.0,0.0,14275.935464426471,0.0,0.0,49.67215059240385,2019-01-21,2019-01-21,2019-01-21
0.419895995741764,2019-08-29,33.04240678543826,24.7354058531039,45535.86398363952,1.6015611920084922,3117.045281727047,8,2019,summer,0.0,198.4166399969716,0.0,0.0,0.0,141.02330750102283,0.0,0.0,0.0,51.27371178441234,0.0,0.0,0.0,17392.980746153517,0.0,0.0,51.27371178441234,2019-01-21,2019-01-21,2019-01-21
0.3361567349942989,2019-09-14,31.61765901673289,24.5237208223742,43884.99474883141,5.96614485108703,3077.9088184436505,9,2019,fall,0.0,0.0,31.61765901673289,0.0,0.0,0.0,24.5237208223742,0.0,0.0,0.0,5.96614485108703,0.0,0.0,0.0,3077.9088184436505,0.0,57.23985663549937,2019-01-21,2019-01-21,2019-01-21
0.3999020018132249,2019-09-30,32.208816519342214,23.394813342174235,42201.17099609377,4.512733265096675,2876.1607293164893,9,2019,fall,0.0,0.0,63.82647553607511,0.0,0.0,0.0,47.91853416454843,0.0,0.0,0.0,10.478878116183704,0.0,0.0,0.0,5954.06954776014,0.0,61.75258990059605,2019-01-21,2019-01-21,2019-01-21
0.3535548456389414,2019-10-16,31.886242238148498,22.25038528352602,40565.84615871798,0.0,2683.395029708033,10,2019,fall,0.0,0.0,95.71271777422359,0.0,0.0,0.0,70.16891944807446,0.0,0.0,0.0,10.478878116183704,0.0,0.0,0.0,8637.464577468172,0.0,61.75258990059605,2019-01-21,2019-01-21,2019-01-21
0.3883543209408549,2019-11-01,26.556645953605376,20.52962191693455,39071.76388230583,0.0,2414.83221199323,11,2019,fall,0.0,0.0,122.26936372782897,0.0,0.0,0.0,90.698541365009,0.0,0.0,0.0,10.478878116183704,0.0,0.0,0.0,11052.296789461403,0.0,61.75258990059605,2019-01-21,2019-01-21,2019-01-21
0.3262987095775564,2019-11-17,15.263108811667784,10.051503164299366,37835.08921511344,0.0,1231.6071005274564,11,2019,fall,0.0,0.0,137.53247253949675,0.0,0.0,0.0,100.75004452930837,0.0,0.0,0.0,10.478878116183704,0.0,0.0,0.0,12283.903889988858,0.0,61.75258990059605,2019-01-21,2019-01-21,2019-01-21
0.319449838420789,2019-12-03,15.89472278481248,4.688895380197709,36988.453159527,0.0,853.2300100478168,12,2019,winter,0.0,0.0,0.0,119.63949564321275,0.0,0.0,0.0,59.90764337431438,0.0,0.0,0.0,0.0,0.0,0.0,0.0,7394.747078762296,61.75258990059605,2019-01-21,2019-01-21,2019-01-21
0.291808150984165,2019-12-19,21.20946908485941,9.053560629150365,36648.01743225354,0.0,1151.7093863898244,12,2019,winter,0.0,0.0,0.0,140.84896472807216,0.0,0.0,0.0,68.96120400346476,0.0,0.0,0.0,0.0,0.0,0.0,0.0,8546.456465152121,61.75258990059605,2019-01-21,2019-01-21,2019-01-21
0.2947258220322659,2020-01-01,20.597771960023056,10.276736426602852,36784.09496988594,0.0,1250.2863242241135,1,2020,winter,0.0,0.0,0.0,20.597771960023056,0.0,0.0,0.0,10.276736426602852,0.0,0.0,0.0,0.0,0.0,0.0,0.0,1250.2863242241135,0.0,2020-02-16,2020-02-16,2020-02-16
0.316593902951388,2020-01-17,24.993593118679577,18.025181015665066,37436.419534723136,0.0,2066.1244707307064,1,2020,winter,0.0,0.0,0.0,45.59136507870264,0.0,0.0,0.0,28.301917442267918,0.0,0.0,0.0,0.0,0.0,0.0,0.0,3316.4107949548197,0.0,2020-02-16,2020-02-16,2020-02-16
0.300474264522386,2020-02-02,17.904451227487385,7.465784936619605,38530.609176418686,0.0,1033.8490647064596,2,2020,winter,0.0,0.0,0.0,63.49581630619002,0.0,0.0,0.0,35.76770237888752,0.0,0.0,0.0,0.0,0.0,0.0,0.0,4350.25985966128,0.0,2020-02-16,2020-02-16,2020-02-16
0.3432828940842742,2020-02-18,29.14729284521925,17.508791291863353,39935.42637535959,0.0,1708.5830285874376,2,2020,winter,0.0,0.0,0.0,92.64310915140928,0.0,0.0,0.0,53.27649367075088,0.0,0.0,0.0,0.0,0.0,0.0,0.0,6058.842888248717,0.0,2020-02-16,2020-02-16,2020-02-16
0.3236230658668264,2020-03-05,31.808924110863497,18.71137915575355,41525.71827397686,0.0,1686.3922356194537,3,2020,spring,31.808924110863497,0.0,0.0,0.0,18.71137915575355,0.0,0.0,0.0,0.0,0.0,0.0,0.0,1686.3922356194537,0.0,0.0,0.0,0.0,2020-02-16,2020-02-16,2020-02-16
0.337326113285508,2020-03-21,30.605811724503184,17.83319668480543,43199.87890625,0.0,1299.593338376608,3,2020,spring,62.414735835366685,0.0,0.0,0.0,36.54457584055898,0.0,0.0,0.0,0.0,0.0,0.0,0.0,2985.9855739960617,0.0,0.0,0.0,0.0,2020-02-16,2020-02-16,2020-02-16
0.3599534023243398,2020-04-06,26.84894406536135,17.341060081585688,44874.05125727315,0.0,1546.8383320636833,4,2020,spring,89.26367990072804,0.0,0.0,0.0,53.88563592214467,0.0,0.0,0.0,0.0,0.0,0.0,0.0,4532.823906059745,0.0,0.0,0.0,0.0,2020-02-16,2020-02-16,2020-02-16
0.4204976396483486,2020-04-22,28.68681533137126,16.973738026918227,46464.36307102349,0.0,1429.4364398653042,4,2020,spring,117.95049523209929,0.0,0.0,0.0,70.8593739490629,0.0,0.0,0.0,0.0,0.0,0.0,0.0,5962.2603459250495,0.0,0.0,0.0,0.0,2020-02-16,2020-02-16,2020-02-16
0.4047020488812659,2020-05-08,28.60685770192406,10.912279300560016,47869.21296744248,0.0,851.5825249963228,5,2020,spring,146.55735293402336,0.0,0.0,0.0,81.77165324962291,0.0,0.0,0.0,0.0,0.0,0.0,0.0,6813.842870921372,0.0,0.0,0.0,0.0,2020-02-16,2020-02-16,2020-02-16
0.3622049873169017,2020-05-24,30.56331226277052,23.264845690767157,48963.45937152688,0.6888368165029886,2845.7124662646697,5,2020,spring,177.12066519679388,0.0,0.0,0.0,105.03649894039006,0.0,0.0,0.0,0.6888368165029886,0.0,0.0,0.0,9659.555337186042,0.0,0.0,0.0,0.6888368165029886,2020-02-16,2020-02-16,2020-02-16
0.3868544147610439,2020-06-09,32.89965372145427,23.414839461657795,49615.8542488641,8.220076373780625,2879.655200195313,6,2020,summer,0.0,32.89965372145427,0.0,0.0,0.0,23.414839461657795,0.0,0.0,0.0,8.220076373780625,0.0,0.0,0.0,2879.655200195313,0.0,0.0,8.908913190283613,2020-02-16,2020-02-16,2020-02-16
0.3907219627688647,2020-06-25,35.22127985674967,23.942738918978804,49730.410688047545,0.0,2972.6088936394726,6,2020,summer,0.0,68.12093357820393,0.0,0.0,0.0,47.357578380636596,0.0,0.0,0.0,8.220076373780625,0.0,0.0,0.0,5852.264093834785,0.0,0.0,8.908913190283613,2020-02-16,2020-02-16,2020-02-16
0.4005784987506441,2020-07-11,33.74869393643975,23.978765119468825,49288.73558875689,11.430529287769213,2978.9266416286337,7,2020,summer,0.0,101.8696275146437,0.0,0.0,0.0,71.33634350010543,0.0,0.0,0.0,19.65060566154984,0.0,0.0,0.0,8831.190735463419,0.0,0.0,20.339442478052824,2020-02-16,2020-02-16,2020-02-16
0.4369818974422153,2020-07-27,33.90437246067255,23.10994192346869,48359.16434280205,18.10855542610879,2827.0466873232795,7,2020,summer,0.0,135.77399997531623,0.0,0.0,0.0,94.44628542357411,0.0,0.0,0.0,37.759161087658626,0.0,0.0,0.0,11658.237422786699,0.0,0.0,38.44799790416161,2020-02-16,2020-02-16,2020-02-16
0.3382165524713884,2020-08-12,33.6130369371949,23.634046587784425,47064.44857622092,10.129420012759368,2917.856000011237,8,2020,summer,0.0,169.38703691251112,0.0,0.0,0.0,118.08033201135854,0.0,0.0,0.0,47.888581100417994,0.0,0.0,0.0,14576.093422797936,0.0,0.0,48.57741791692098,2020-02-16,2020-02-16,2020-02-16
0.3502859781465308,2020-08-28,34.524878748889755,24.915832616893827,45535.86398363952,0.6263122326659359,3150.79753628655,8,2020,summer,0.0,203.91191566140088,0.0,0.0,0.0,142.99616462825236,0.0,0.0,0.0,48.51489333308393,0.0,0.0,0.0,17726.890959084485,0.0,0.0,49.20373014958692,2020-02-16,2020-02-16,2020-02-16
0.3047319465635595,2020-09-13,29.880372112864737,24.111571220174504,43884.99474883141,8.801174184468003,3002.8832224187504,9,2020,fall,0.0,0.0,29.880372112864737,0.0,0.0,0.0,24.111571220174504,0.0,0.0,0.0,8.801174184468003,0.0,0.0,0.0,3002.8832224187504,0.0,58.00490433405492,2020-02-16,2020-02-16,2020-02-16
0.4057200326633246,2020-09-29,32.245095152435944,22.302145977299592,42201.17099609377,7.881952414253272,2691.8365793523435,9,2020,fall,0.0,0.0,62.125467265300685,0.0,0.0,0.0,46.4137171974741,0.0,0.0,0.0,16.683126598721273,0.0,0.0,0.0,5694.719801771094,0.0,65.88685674830819,2020-02-16,2020-02-16,2020-02-16
0.3511265476382272,2020-10-15,31.85532326179569,21.1427531248356,40565.84615871798,0.0,2507.775921222257,10,2020,fall,0.0,0.0,93.98079052709636,0.0,0.0,0.0,67.55647032230969,0.0,0.0,0.0,16.683126598721273,0.0,0.0,0.0,8202.49572299335,0.0,65.88685674830819,2020-02-16,2020-02-16,2020-02-16
0.3576058768712702,2020-10-31,28.89774205934054,16.65646854235039,39071.76388230583,0.0,1895.020680032516,10,2020,fall,0.0,0.0,122.8785325864369,0.0,0.0,0.0,84.21293886466009,0.0,0.0,0.0,16.683126598721273,0.0,0.0,0.0,10097.516403025867,0.0,65.88685674830819,2020-02-16,2020-02-16,2020-02-16
0.3367116602382463,2020-11-16,26.639365048987106,20.54353405421749,37835.08921511344,0.0,2417.0216599340733,11,2020,fall,0.0,0.0,149.51789763542402,0.0,0.0,0.0,104.75647291887758,0.0,0.0,0.0,16.683126598721273,0.0,0.0,0.0,12514.53806295994,0.0,65.88685674830819,2020-02-16,2020-02-16,2020-02-16
0.3172925496662584,2020-12-02,15.769377658307311,3.9337835193802624,36988.453159527,0.0,809.2190409257325,12,2020,winter,0.0,0.0,0.0,108.41248680971658,0.0,0.0,0.0,57.21027719013114,0.0,0.0,0.0,0.0,0.0,0.0,0.0,6868.06192917445,65.88685674830819,2020-02-16,2020-02-16,2020-02-16
0.3285529670239421,2020-12-18,15.544239545367258,4.699876036953228,36648.01743225354,0.0,853.8830161665278,12,2020,winter,0.0,0.0,0.0,123.95672635508384,0.0,0.0,0.0,61.910153227084365,0.0,0.0,0.0,0.0,0.0,0.0,0.0,7721.944945340978,65.88685674830819,2020-02-16,2020-02-16,2020-02-16
